BEP,PumpName,Coefficient5,Coefficient4,Coefficient3,Coefficient2,Coefficient1,Coefficient0
1750,VC 1750,5.00E-16,-3.00E-12,3.00E-09,-2.00E-07,-0.005,29.593
2200,VC 2200,1.59E-16,-1.52E-12,4.46E-09,-5.95939E-06,2.48321E-05,33.29033209
3000,VCV 3000,-8.63E-17,8.88E-13,-2.74E-09,2.56E-07,3.42E-03,34.3



