BEP,PumpName,Coefficient5,Coefficient4,Coefficient3,Coefficient2,Coefficient1,Coefficient0
1750,Martin 1750,5.00E-16,-3.00E-12,3.00E-09,-2.00E-07,-0.005,29.593
2200,Martin 2200,1.59E-16,-1.52E-12,4.46E-09,-5.95939E-06,2.48321E-05,33.29033209
3000,Martin 3000,-8.63E-17,8.88E-13,-2.74E-09,2.56E-07,3.42E-03,34.3
4300,Martin 4300,1.55982e-17,-2.48E-13,1.13507e-9,-1.48E-06,-1.29E-03,26.6882



